<view class="category-category">
  <scroll-view class='left-content' scroll-y="true" >
    <view class="left-item" wx:for="{{state.leftArr}}" wx:key= "{{index}}" catchtap="handleTap" id="{{index}}">
      <view wx:if="{{state.selectIndex == index}}" class="item-select">{{item.name}}</view>
      <view wx:else="{{state.selectIndex == index}}"  class="item-normal">{{item.name}}</view>
    </view>
  </scroll-view>
  <scroll-view class='right-content' scroll-y="true" scroll-top="{{state.scrollTop}}" >
    <view class="right-item" wx:for="{{state.rightArr}}" wx:key= "{{index}}">
      <view class="right-title">{{item.name}}</view>
      <view class="third-content">
        <view class='third-item' wx:for="{{item.thridCategory}}" wx:key= "{{index}}">
          <image src="{{item.icon}}"></image>
          <text>{{item.name}}</text>
        </view>
      </view>
    </view>
  </scroll-view>
</view>
